{"cameraMode":{"drawMode":0,"name":"Shaded","section":"Shading Mode"},"sceneLighting":false,"audioPlay":false,"sceneViewState":{"showFog":true,"showMaterialUpdate":false,"showSkybox":true,"showFlares":true,"showImageEffects":true,"showParticleSystems":true},"in2DMode":false,"pivot":{"x":-0.02707018330693245,"y":-0.15256091952323914,"z":0.9879232048988342},"rotation":{"x":0.034855917096138,"y":0.9525280594825745,"z":-0.27784186601638796,"w":0.11949626356363297},"size":14.71464729309082,"orthographic":false}