{"cameraMode":{"drawMode":0,"name":"Shaded","section":"Shading Mode"},"sceneLighting":false,"audioPlay":false,"sceneViewState":{"showFog":true,"showMaterialUpdate":false,"showSkybox":true,"showFlares":true,"showImageEffects":true,"showParticleSystems":true},"in2DMode":false,"pivot":{"x":-27.66791534423828,"y":1.687424898147583,"z":-6.792490005493164},"rotation":{"x":-0.34052571654319765,"y":-0.3168239891529083,"z":0.12306676059961319,"w":-0.8766523599624634},"size":10.557987213134766,"orthographic":false}