{"cameraMode":{"drawMode":0,"name":"Shaded","section":"Shading Mode"},"sceneLighting":true,"audioPlay":false,"sceneViewState":{"showFog":true,"showMaterialUpdate":false,"showSkybox":true,"showFlares":true,"showImageEffects":true,"showParticleSystems":true},"in2DMode":false,"pivot":{"x":533.6708374023438,"y":146.10350036621095,"z":-180.83619689941407},"rotation":{"x":-0.09409214556217194,"y":-0.1899450123310089,"z":0.018290666863322259,"w":-0.9771044254302979},"size":101.5609359741211,"orthographic":false}