{"cameraMode":{"drawMode":0,"name":"Shaded","section":"Shading Mode"},"sceneLighting":true,"audioPlay":false,"sceneViewState":{"showFog":true,"showMaterialUpdate":false,"showSkybox":true,"showFlares":true,"showImageEffects":true,"showParticleSystems":true},"in2DMode":false,"pivot":{"x":400.9294738769531,"y":219.75677490234376,"z":78.20416259765625},"rotation":{"x":0.025497129186987878,"y":-0.002999020740389824,"z":0.000076491545769386,"w":0.9996705055236816},"size":640.048583984375,"orthographic":true}