{"cameraMode":{"drawMode":0,"name":"Shaded","section":"Shading Mode"},"sceneLighting":false,"audioPlay":false,"sceneViewState":{"showFog":true,"showMaterialUpdate":false,"showSkybox":true,"showFlares":true,"showImageEffects":true,"showParticleSystems":true},"in2DMode":false,"pivot":{"x":12.172281265258789,"y":4.00187873840332,"z":12.100109100341797},"rotation":{"x":-0.16456183791160584,"y":-0.6582244038581848,"z":0.15065135061740876,"w":-0.7190023064613342},"size":12.279213905334473,"orthographic":false}