{"cameraMode":{"drawMode":0,"name":"Shaded","section":"Shading Mode"},"sceneLighting":false,"audioPlay":false,"sceneViewState":{"showFog":true,"showMaterialUpdate":false,"showSkybox":true,"showFlares":true,"showImageEffects":true,"showParticleSystems":true},"in2DMode":false,"pivot":{"x":-3.75531005859375,"y":3.9935402870178224,"z":-15.066132545471192},"rotation":{"x":0.12797808647155763,"y":0.6265930533409119,"z":-0.1053026095032692,"w":0.7615209817886353},"size":17.025981903076173,"orthographic":false}