{"cameraMode":{"drawMode":0,"name":"Shaded","section":"Shading Mode"},"sceneLighting":false,"audioPlay":false,"sceneViewState":{"showFog":true,"showMaterialUpdate":false,"showSkybox":true,"showFlares":true,"showImageEffects":true,"showParticleSystems":true},"in2DMode":false,"pivot":{"x":30.14284896850586,"y":7.13137674331665,"z":-47.27094268798828},"rotation":{"x":-0.07946477830410004,"y":0.9123399257659912,"z":-0.3406122922897339,"w":-0.21284863352775575},"size":60.5757942199707,"orthographic":false}