{"cameraMode":{"drawMode":0,"name":"Shaded","section":"Shading Mode"},"sceneLighting":false,"audioPlay":false,"sceneViewState":{"showFog":true,"showMaterialUpdate":false,"showSkybox":true,"showFlares":true,"showImageEffects":true,"showParticleSystems":true},"in2DMode":false,"pivot":{"x":-16.04926300048828,"y":-55.99330520629883,"z":-5.788402080535889},"rotation":{"x":-0.05107548087835312,"y":-0.3895508944988251,"z":0.021642345935106279,"w":-0.9193329215049744},"size":20.23981285095215,"orthographic":false}