{"cameraMode":{"drawMode":0,"name":"Shaded","section":"Shading Mode"},"sceneLighting":false,"audioPlay":false,"sceneViewState":{"showFog":true,"showMaterialUpdate":false,"showSkybox":true,"showFlares":true,"showImageEffects":true,"showParticleSystems":true},"in2DMode":false,"pivot":{"x":-32.23155975341797,"y":21.192399978637697,"z":-23.750713348388673},"rotation":{"x":-0.2439400553703308,"y":-0.34277868270874026,"z":0.09265625476837158,"w":-0.9024471640586853},"size":6.6874165534973148,"orthographic":false}