{"cameraMode":{"drawMode":0,"name":"Shaded","section":"Shading Mode"},"sceneLighting":false,"audioPlay":false,"sceneViewState":{"showFog":true,"showMaterialUpdate":false,"showSkybox":true,"showFlares":true,"showImageEffects":true,"showParticleSystems":true},"in2DMode":false,"pivot":{"x":14.069190979003907,"y":4.42653226852417,"z":-14.904661178588868},"rotation":{"x":-0.16456183791160584,"y":-0.6582244038581848,"z":0.15065135061740876,"w":-0.7190023064613342},"size":17.195960998535158,"orthographic":false}